HashRate,
HashRate,
HashRate,
HashRate,
HashRate,
HashRate,
HashRate,
HashRate,
HashRate,
HashRate,138
HashRate,138
HashRate,274
HashRate,274
HashRate,274
HashRate,274
HashRate,274
HashRate,274
HashRate,274
HashRate,274
HashRate,274
HashRate,539
HashRate,539
HashRate,543
HashRate,543
HashRate,534
HashRate,534
HashRate,534
HashRate,534
HashRate,534
HashRate,534
HashRate,534
HashRate,534
HashRate,534
HashRate,534
HashRate,534
HashRate,534
HashRate,551
HashRate,551
HashRate,551
HashRate,551
HashRate,551
HashRate,551
HashRate,551
HashRate,550
HashRate,550
HashRate,549
HashRate,549
HashRate,549
HashRate,549
HashRate,549
HashRate,549
HashRate,549
HashRate,549
HashRate,549
HashRate,549
HashRate,549
HashRate,549
HashRate,549
HashRate,549
HashRate,548
HashRate,548
HashRate,548
HashRate,548
HashRate,549
HashRate,549
HashRate,550
HashRate,550
HashRate,550
HashRate,550
HashRate,550
HashRate,550
HashRate,550
HashRate,549
HashRate,549
HashRate,548
HashRate,548
HashRate,548
HashRate,548
HashRate,548
HashRate,548
HashRate,549
HashRate,549
HashRate,550
HashRate,550
HashRate,550
HashRate,550
HashRate,550
HashRate,550
HashRate,550
HashRate,550
HashRate,550
HashRate,550
HashRate,550
HashRate,550
HashRate,549
HashRate,549
HashRate,550
HashRate,550
HashRate,549
HashRate,549
HashRate,550
HashRate,550
HashRate,550
HashRate,550
HashRate,550
HashRate,550
HashRate,550
HashRate,550
HashRate,550
HashRate,550
HashRate,550
HashRate,550
HashRate,550
HashRate,550
HashRate,526
HashRate,526
HashRate,515
HashRate,515
HashRate,512
HashRate,512
HashRate,512
HashRate,512
HashRate,512
HashRate,512
HashRate,512
HashRate,546
HashRate,546
HashRate,546
HashRate,546
HashRate,546
HashRate,546
HashRate,546
HashRate,546
HashRate,546
HashRate,546
HashRate,546
HashRate,547
HashRate,547
HashRate,547
HashRate,547
HashRate,547
HashRate,547
HashRate,547
HashRate,549
HashRate,549
HashRate,549
HashRate,549
HashRate,548
HashRate,548
HashRate,548
HashRate,548
HashRate,548
HashRate,548
HashRate,548
HashRate,546
HashRate,546
HashRate,546
HashRate,546
HashRate,547
HashRate,547
HashRate,547
HashRate,547
HashRate,547
HashRate,547
HashRate,547
HashRate,547
HashRate,548
HashRate,548
HashRate,548
HashRate,540
HashRate,540
HashRate,538
HashRate,538
HashRate,538
HashRate,544
HashRate,544
HashRate,545
HashRate,545
HashRate,546
HashRate,546
HashRate,546
HashRate,548
HashRate,548
HashRate,548
HashRate,548
HashRate,548
HashRate,548
HashRate,548
HashRate,548
HashRate,548
HashRate,548
HashRate,548
HashRate,548
HashRate,550
HashRate,550
HashRate,544
HashRate,544
HashRate,542
HashRate,542
HashRate,537
HashRate,537
HashRate,539
HashRate,539
HashRate,539
HashRate,536
HashRate,536
HashRate,536
HashRate,542
HashRate,542
HashRate,542
HashRate,547
HashRate,547
HashRate,547
HashRate,547
HashRate,547
HashRate,549
HashRate,549
HashRate,549
HashRate,549
HashRate,549
HashRate,549
HashRate,549
HashRate,549
HashRate,548
HashRate,548
HashRate,549
HashRate,549
HashRate,549
HashRate,549
HashRate,549
HashRate,549
HashRate,549
HashRate,550
HashRate,550
HashRate,545
HashRate,545
HashRate,545
HashRate,545
HashRate,545
HashRate,545
HashRate,550
HashRate,550
HashRate,550
HashRate,550
HashRate,549
HashRate,549
HashRate,550
HashRate,550
HashRate,550
HashRate,550
HashRate,545
HashRate,545
HashRate,545
HashRate,545
HashRate,545
HashRate,542
HashRate,542
HashRate,540
HashRate,540
HashRate,541
